,Food,Mines,Oil,Clths,Durbl,Chems,Cnsum,Cnstr,Steel,FabPr,Machn,Cars,Trans,Utils,Rtail,Finan,Other
1987-10-01,-0.18170000000000003,-0.32049999999999995,-0.187,-0.3151,-0.252,-0.2791,-0.1907,-0.2925,-0.306,-0.2848,-0.2693,-0.2646,-0.2921,-0.0693,-0.2774,-0.2127,-0.2275
1987-11-01,-0.07690000000000001,0.0584,-0.1107,-0.1036,-0.11,-0.0546,-0.09480000000000001,-0.048499999999999995,0.025699999999999997,-0.0647,-0.0823,-0.06480000000000001,-0.0782,-0.0255,-0.0953,-0.07139999999999999,-0.0725
1987-12-01,0.07769999999999999,0.0602,0.061500000000000006,0.08990000000000001,0.0862,0.1491,0.056799999999999996,0.08380000000000001,0.10529999999999999,0.0758,0.1182,0.08869999999999999,0.0711,0.005600000000000001,0.07769999999999999,0.0362,0.08810000000000001
1988-01-01,0.030299999999999997,-0.07690000000000001,0.0897,0.0642,-0.0076,-0.0265,0.0554,0.0377,-0.034,0.0571,-0.019299999999999998,0.0728,0.0805,0.0977,0.06559999999999999,0.0892,0.0327
1988-02-01,0.046799999999999994,0.07719999999999999,0.030299999999999997,0.14730000000000001,0.0438,0.0842,0.0382,0.11630000000000001,0.0965,0.08380000000000001,0.0785,0.07780000000000001,0.0676,-0.0141,0.1085,0.0305,0.055999999999999994
1988-03-01,-0.0025,0.0867,0.020499999999999997,0.0222,-0.055,-0.019799999999999998,-0.0385,0.009899999999999999,-0.035699999999999996,0.0109,-0.0378,-0.0046,0.0173,-0.0318,-0.0166,-0.0271,-0.0184
1988-04-01,0.0011,0.0155,0.0451,-0.0022,0.0105,0.018000000000000002,-0.0147,0.0231,0.0564,-0.0048,0.0291,0.035,-0.0038,-0.003,0.019,-0.006,0.0040999999999999995
1988-05-01,-0.0011,0.0049,-0.0045000000000000005,-0.0125,0.0177,-0.0218,-0.0067,-0.0116,-0.0055000000000000005,-0.005600000000000001,-0.011399999999999999,0.0062,-0.0003,0.0362,-0.013500000000000002,0.019799999999999998,0.0017000000000000001
1988-06-01,0.022000000000000002,0.0171,-0.0182,0.0643,0.0677,0.09820000000000001,0.0187,0.09029999999999999,0.064,0.0687,0.0876,0.0788,0.084,0.0323,0.062400000000000004,0.0556,0.06
1988-07-01,0.0109,-0.013500000000000002,0.0355,-0.0463,0.0179,-0.0397,0.0173,-0.0265,0.013600000000000001,-0.0079,-0.0455,-0.0070999999999999995,-0.015600000000000001,-0.0022,-0.0040999999999999995,0.0024,-0.0126
1988-08-01,0.011000000000000001,-0.0455,-0.0147,-0.0132,-0.0405,-0.0429,-0.009300000000000001,-0.0371,-0.050300000000000004,-0.0092,-0.0759,-0.0668,-0.0318,-0.0012,-0.0208,-0.0001,-0.032799999999999996
1988-09-01,0.0652,-0.0241,-0.0229,0.0225,0.0365,0.0215,0.048799999999999996,0.0048,0.006999999999999999,0.0364,0.0318,0.0407,0.0639,0.026699999999999998,0.09300000000000001,0.038900000000000004,0.056100000000000004
1988-10-01,0.12619999999999998,-0.0032,0.0184,0.0319,0.0222,0.0121,0.0143,0.0036,0.044000000000000004,0.0013,0.0007000000000000001,0.0495,0.0154,0.025099999999999997,0.0174,-0.0021,0.0083
1988-11-01,-0.0046,0.0076,-0.0031,-0.068,-0.047400000000000005,-0.0206,-0.0104,-0.0335,-0.0209,-0.0038,-0.0202,-0.0003,-0.0146,-0.005,-0.0248,-0.026099999999999998,-0.0195
1988-12-01,0.0226,-0.016200000000000003,0.0177,0.056799999999999996,0.03,0.048,0.0292,0.0391,0.042300000000000004,0.031400000000000004,0.0371,-0.0064,0.0131,0.0104,0.0115,-0.0016,0.027200000000000002
1989-01-01,0.046900000000000004,0.0253,0.063,0.0668,0.059699999999999996,0.1057,0.0644,0.062,0.1183,0.0356,0.0662,0.0901,0.0784,0.026699999999999998,0.0629,0.0675,0.0738
1989-02-01,-0.013300000000000001,0.0593,-0.0134,0.0373,0.0086,-0.022400000000000003,-0.0161,0.0073,-0.0356,-0.0026,-0.039,-0.04769999999999999,-0.003,-0.0178,-0.0179,-0.004,-0.0182
1989-03-01,0.052199999999999996,-0.024300000000000002,0.0378,0.0672,0.0032,0.025,0.0565,0.0161,-0.0189,0.0291,-0.0387,-0.0253,0.0095,0.0055000000000000005,0.0297,0.0481,0.0338
1989-04-01,0.0558,-0.0172,0.0232,0.0406,0.055099999999999996,0.051,0.0525,0.057999999999999996,0.0339,0.0435,0.053099999999999994,-0.0033,0.047400000000000005,0.0397,0.056299999999999996,0.0385,0.0787
1989-05-01,0.0512,-0.0433,0.0278,0.042,0.0029,0.0068000000000000005,0.044199999999999996,0.0326,0.0116,0.031,0.044199999999999996,0.0137,0.0288,0.0528,0.057300000000000004,0.0407,0.0521
1989-06-01,0.0089,0.0424,-0.010700000000000001,-0.0126,0.0167,-0.028300000000000002,-0.0165,-0.0095,-0.0385,-0.009300000000000001,-0.0326,0.0027,-0.0265,0.0342,-0.0227,0.009300000000000001,-0.0021
1989-07-01,0.134,-0.0062,0.0388,0.08449999999999999,0.0697,0.069,0.13720000000000002,0.08689999999999999,0.0663,0.0672,0.0565,0.0441,0.0733,0.0581,0.1001,0.081,0.0803
1989-08-01,-0.04190000000000001,0.071,0.034300000000000004,0.0446,0.0007000000000000001,0.075,0.0125,0.030299999999999997,0.0797,0.0512,0.020499999999999997,0.0779,0.0799,-0.008,0.026699999999999998,0.0199,0.0169
1989-09-01,-0.0027,0.031200000000000002,0.0127,0.015,-0.0285,-0.0346,0.013000000000000001,-0.0165,-0.0242,-0.043899999999999995,-0.032,-0.0582,-0.0258,0.0048,-0.0248,0.0209,0.0176
1989-10-01,-0.0134,-0.004699999999999999,0.0067,-0.055999999999999994,-0.0547,-0.0583,0.0138,-0.07490000000000001,-0.09210000000000002,-0.0567,-0.0452,-0.062400000000000004,-0.0741,0.0101,-0.037599999999999995,-0.0409,-0.0318
1989-11-01,0.0346,0.10679999999999999,0.0384,-0.0084,-0.0001,0.0253,0.0333,0.030299999999999997,0.023399999999999997,0.0085,0.0179,-0.0223,-0.018600000000000002,0.032400000000000005,0.0127,-0.005,0.0152
1989-12-01,0.0259,0.0199,0.059699999999999996,-0.011200000000000002,0.0009,0.0444,0.0111,0.0027,0.0059,0.0255,0.0063,-0.0169,0.0233,0.048,0.0078000000000000005,-0.0252,0.0313
1990-01-01,-0.095,0.0398,-0.0434,-0.0966,-0.0602,-0.0767,-0.0712,-0.053899999999999997,-0.08779999999999999,-0.0444,-0.0215,-0.0322,-0.062400000000000004,-0.0535,-0.0605,-0.0962,-0.10859999999999999
1990-02-01,-0.0049,0.0011,0.031400000000000004,0.019799999999999998,0.0051,0.027000000000000003,-0.0226,0.0374,0.0332,0.0354,0.0361,0.060700000000000004,0.0418,0.0021,0.0168,0.022799999999999997,0.0102
1990-03-01,0.0545,-0.044800000000000006,-0.0067,0.0572,0.042199999999999994,0.0109,0.0444,0.0504,0.0629,0.0489,0.04019999999999999,0.032799999999999996,0.049800000000000004,-0.0075,0.051399999999999994,-0.0161,0.036000000000000004
1990-04-01,0.0045000000000000005,-0.0864,-0.0352,-0.0163,-0.059000000000000004,-0.0373,0.0176,-0.022799999999999997,-0.0702,0.0017000000000000001,-0.013999999999999999,-0.0395,-0.041299999999999996,-0.0552,-0.0222,-0.04190000000000001,-0.027000000000000003
1990-05-01,0.1155,0.0782,0.062,0.0652,0.06570000000000001,0.07150000000000001,0.1041,0.11460000000000001,0.0738,0.0794,0.0993,0.0824,0.0756,0.054299999999999994,0.1158,0.09269999999999999,0.09960000000000001
1990-06-01,0.0206,-0.056600000000000004,-0.0207,-0.0302,-0.0059,-0.0229,0.051500000000000004,-0.027000000000000003,-0.0146,0.0111,-0.015,-0.023,-0.0092,0.0075,0.0178,-0.0189,-0.0173
1990-07-01,0.004,0.0931,0.08259999999999999,-0.0374,-0.047599999999999996,0.0037,0.029500000000000002,0.0048,0.0571,-0.0168,-0.0366,-0.0275,-0.031400000000000004,0.009000000000000001,-0.0362,-0.0472,-0.0406
1990-08-01,-0.06709999999999999,-0.0699,-0.0123,-0.1578,-0.08109999999999999,-0.1281,-0.07200000000000001,-0.11720000000000001,-0.10220000000000001,-0.1259,-0.12710000000000002,-0.1371,-0.1259,-0.0664,-0.1288,-0.1099,-0.1057
1990-09-01,-0.032799999999999996,-0.0143,-0.0163,-0.1434,-0.07769999999999999,-0.0673,-0.0458,-0.0888,-0.061399999999999996,-0.0965,-0.0742,-0.10800000000000001,-0.0759,0.0048,-0.09369999999999999,-0.1142,-0.0371
1990-10-01,0.0462,-0.1607,-0.039900000000000005,-0.08449999999999999,-0.0475,0.0118,0.0285,-0.0666,-0.1142,-0.031,-0.0467,-0.0264,-0.0018,0.0722,-0.0297,-0.0716,-0.0003
1990-11-01,0.052199999999999996,-0.0213,0.0168,0.1326,0.1033,0.0987,0.08470000000000001,0.102,0.029300000000000003,0.0801,0.0964,0.0277,0.048,0.0231,0.1116,0.14300000000000002,0.0553
1990-12-01,0.0414,0.09449999999999999,-0.0202,0.0801,0.022400000000000003,0.03,0.031200000000000002,0.047599999999999996,0.0795,0.0109,0.0464,-0.015300000000000001,0.047400000000000005,0.0079,0.0285,0.0554,0.0365
1991-01-01,0.0401,-0.0875,-0.020499999999999997,0.1604,0.0849,0.058499999999999996,0.0199,0.08259999999999999,0.0817,0.11449999999999999,0.12480000000000001,0.0665,0.0946,-0.0137,0.1067,0.0722,0.0513
1991-02-01,0.1151,0.0852,0.0862,0.1463,0.0794,0.058899999999999994,0.0894,0.12240000000000001,0.0668,0.058499999999999996,0.0642,0.10830000000000001,0.031200000000000002,0.0484,0.0821,0.1082,0.0548
1991-03-01,0.0603,-0.0158,0.0137,0.042800000000000005,0.0449,0.0012,0.042300000000000004,-0.0001,0.0052,0.0403,-0.0043,-0.012,0.0004,0.0172,0.0967,0.0583,0.0298
1991-04-01,-0.0178,0.0070999999999999995,0.0256,0.0183,-0.0132,0.0346,-0.0076,0.0024,-0.0013,0.0043,-0.023799999999999998,-0.0217,0.0147,-0.0005,0.0194,0.0178,0.0034999999999999996
1991-05-01,0.0339,0.0144,-0.0128,0.0302,0.0555,0.09960000000000001,0.0408,0.0839,0.0424,0.0647,0.0582,0.1582,0.0673,0.0015,0.07769999999999999,0.0467,0.030600000000000002
1991-06-01,-0.0484,0.0738,-0.0383,-0.015600000000000001,-0.0584,-0.036699999999999997,-0.0447,-0.0458,-0.047400000000000005,-0.0009,-0.0771,-0.035,-0.0401,-0.023700000000000002,-0.049,-0.053399999999999996,-0.038
1991-07-01,0.0663,-0.021099999999999997,0.0512,0.0579,0.0361,0.053099999999999994,0.07730000000000001,0.053399999999999996,0.0446,0.0416,0.0297,-0.0121,0.052300000000000006,0.039900000000000005,0.0507,0.0575,0.0345
1991-08-01,0.0583,-0.062400000000000004,0.012,0.0599,0.0504,0.0085,0.0325,0.036000000000000004,0.0079,0.0286,0.0129,-0.0319,0.0131,0.0352,0.04190000000000001,0.0446,0.0207
1991-09-01,-0.0401,0.0361,-0.0074,0.032,0.009399999999999999,-0.032799999999999996,-0.0063,-0.030699999999999998,-0.0333,-0.0087,-0.031,-0.0219,-0.0036,0.037200000000000004,-0.038599999999999995,-0.0025,-0.005699999999999999
1991-10-01,-0.003,0.0197,0.022099999999999998,-0.0344,0.043,0.0241,0.045700000000000005,-0.028300000000000002,-0.009399999999999999,-0.012,-0.0028000000000000004,-0.0383,0.0525,0.0125,-0.0287,0.0206,0.0347
1991-11-01,0.0077,-0.0025,-0.0768,-0.0391,-0.0175,-0.057800000000000004,-0.0207,-0.024900000000000002,-0.0771,-0.053,-0.057999999999999996,-0.08460000000000001,-0.0698,0.019,-0.0109,-0.0521,-0.047599999999999996
1991-12-01,0.1506,0.0005,0.022400000000000003,0.1457,0.1035,0.1032,0.1577,0.1548,0.07,0.10490000000000001,0.0966,0.065,0.1189,0.0501,0.1328,0.13369999999999999,0.1217
1992-01-01,-0.0458,0.06,-0.0412,0.0574,0.049400000000000006,0.003,-0.0462,0.0278,0.032400000000000005,0.0375,0.04650000000000001,0.09609999999999999,0.0058,-0.045700000000000005,0.0092,0.0079,0.0076
1992-02-01,0.0007000000000000001,-0.0039000000000000003,-0.004699999999999999,0.0412,0.0021,0.026600000000000002,-0.013600000000000001,0.0173,0.0706,0.0329,0.0449,0.1525,0.0165,-0.0124,0.0242,0.0292,0.0040999999999999995
1992-03-01,-0.0121,-0.0817,-0.028300000000000002,-0.0138,-0.037000000000000005,0.0062,-0.044199999999999996,-0.018600000000000002,-0.013000000000000001,-0.0426,-0.039599999999999996,0.0128,-0.0212,-0.0053,-0.015300000000000001,-0.009000000000000001,-0.0278
1992-04-01,0.0002,-0.0236,0.09480000000000001,-0.0302,0.0024,0.061,0.0011,0.0019,0.0369,0.016200000000000003,0.005699999999999999,0.10310000000000001,0.0273,0.0269,-0.0395,0.0095,0.0158
1992-05-01,0.016200000000000003,0.0762,0.032,-0.0159,-0.0016,-0.0095,0.0079,0.0326,0.0096,-0.012,-0.0049,-0.0179,-0.0137,0.0254,-0.0068000000000000005,0.0252,-0.009000000000000001
1992-06-01,-0.0171,0.0697,-0.0335,-0.0587,-0.0449,-0.046900000000000004,-0.0554,-0.049,0.019299999999999998,-0.0647,-0.021400000000000002,0.039599999999999996,-0.0403,0.0054,-0.013500000000000002,0.012199999999999999,-0.0215
1992-07-01,0.048,0.005,0.0538,0.062,0.0513,0.0416,0.0611,0.0654,-0.0014000000000000002,0.0555,0.0166,-0.009000000000000001,0.0194,0.0673,0.0317,0.0345,0.0404
1992-08-01,0.0175,-0.0466,0.025,-0.0123,-0.0213,-0.0453,-0.0313,-0.0016,-0.0916,-0.0014000000000000002,-0.0462,-0.1085,-0.048,-0.004699999999999999,-0.0036,-0.033,-0.0219
1992-09-01,0.0106,0.0049,0.0017000000000000001,0.042,0.0335,0.0022,-0.0349,0.026099999999999998,-0.0049,-0.0054,0.0308,-0.009000000000000001,0.0166,0.0083,0.0449,0.0331,0.0172
1992-10-01,-0.0125,-0.0493,-0.0355,0.0062,-0.0163,0.0052,0.0288,0.022799999999999997,0.0154,0.0172,-0.0108,-0.003,0.0455,-0.0042,0.0453,0.0281,0.025
1992-11-01,0.0278,-0.0659,-0.025,0.08650000000000001,0.0629,0.0199,0.0326,0.0326,0.0709,0.0408,0.061,0.08349999999999999,0.0418,-0.0023,0.0725,0.06570000000000001,0.0572
1992-12-01,0.0040999999999999995,0.0363,0.0196,0.013500000000000002,-0.0052,0.0092,-0.019,0.0203,0.0404,0.023799999999999998,0.0111,0.0379,0.0464,0.0271,-0.0052,0.046,0.0233
1993-01-01,-0.0165,-0.0278,0.026699999999999998,0.0015,0.0817,-0.0219,-0.0704,-0.004,0.0653,0.016399999999999998,0.0412,0.0981,0.0033,0.0246,-0.0002,0.037200000000000004,0.011899999999999999
1993-02-01,-0.0239,0.0368,0.060700000000000004,-0.0281,0.011899999999999999,0.0036,-0.041100000000000005,0.042699999999999995,-0.0052,-0.0144,0.0017000000000000001,-0.0003,0.013000000000000001,0.0623,-0.015700000000000002,0.0091,-0.0052
1993-03-01,-0.0046,0.10310000000000001,0.0403,0.0397,0.032799999999999996,0.0206,0.0021,0.0149,-0.0078000000000000005,0.0388,0.022400000000000003,0.0565,0.0407,0.0176,0.0305,0.0431,0.023799999999999998
1993-04-01,-0.11109999999999999,0.0282,0.0106,-0.0541,-0.058899999999999994,0.029500000000000002,0.0067,-0.0311,-0.022099999999999998,-0.0072,-0.018600000000000002,0.0378,0.010700000000000001,-0.0015,-0.0882,-0.0378,-0.0281
1993-05-01,0.031400000000000004,0.061,0.0178,0.0168,0.0327,0.0196,0.022000000000000002,0.028399999999999998,0.0424,0.0182,0.0663,0.011200000000000002,0.0276,-0.0004,0.0553,0.004,0.049100000000000005
1993-06-01,-0.0045000000000000005,0.0344,-0.0104,-0.084,-0.0036,-0.0394,-0.024900000000000002,-0.0199,0.0121,-0.023799999999999998,0.002,0.0429,0.0045000000000000005,0.0319,-0.0349,0.0391,0.0139
1993-07-01,-0.0259,0.0672,0.004699999999999999,-0.04,0.0169,0.0086,-0.0678,0.0038,-0.021099999999999997,-0.0274,-0.0172,0.0254,0.0341,0.0194,0.005,0.0241,-0.0042
1993-08-01,0.0436,-0.068,0.042699999999999995,0.053399999999999996,0.0768,0.0351,0.0355,0.034,0.0288,0.051100000000000007,0.0581,-0.0042,0.040999999999999995,0.037000000000000005,0.0397,0.031200000000000002,0.0435
1993-09-01,-0.0216,-0.0801,0.0134,-0.0334,-0.0063,-0.0265,-0.004,-0.022799999999999997,-0.043899999999999995,0.005699999999999999,-0.0116,0.0085,-0.0072,-0.0064,0.0017000000000000001,0.023799999999999998,0.0089
1993-10-01,0.059800000000000006,0.0668,-0.0195,0.0451,0.042199999999999994,0.0236,0.0658,0.0286,0.0388,0.0692,0.0102,0.0981,0.0226,-0.0197,0.049800000000000004,-0.0379,0.0273
1993-11-01,0.0031,-0.025,-0.06,0.012,-0.0055000000000000005,0.0134,0.0229,0.0294,0.0072,-0.0009,0.0079,0.015300000000000001,0.0125,-0.0552,0.0108,-0.0384,-0.0296
1993-12-01,0.0159,0.107,0.006,0.0049,0.0124,0.026099999999999998,0.0115,0.0124,0.0674,0.0363,0.051699999999999996,0.0424,0.0375,0.0161,-0.0318,0.0225,0.0151
1994-01-01,-0.011899999999999999,0.009300000000000001,0.048799999999999996,-0.028300000000000002,0.021099999999999997,0.08410000000000001,0.0087,0.0265,0.1039,0.0060999999999999995,0.042300000000000004,0.0824,0.0379,-0.012,0.0097,0.041100000000000005,0.0385
1994-02-01,-0.0084,-0.009300000000000001,-0.0294,0.0191,-0.0137,-0.0095,-0.0493,0.002,-0.030699999999999998,-0.0059,0.009000000000000001,-0.046900000000000004,-0.0165,-0.049800000000000004,0.021400000000000002,-0.0403,-0.0316
1994-03-01,-0.0382,0.018000000000000002,-0.0356,-0.0054,-0.0352,-0.0297,-0.0718,-0.047599999999999996,-0.0564,-0.044000000000000004,-0.039900000000000005,-0.06570000000000001,-0.0512,-0.0394,-0.0501,-0.032400000000000005,-0.0504
1994-04-01,0.013999999999999999,-0.0974,0.042,0.0026,-0.0166,0.024900000000000002,0.0462,0.005600000000000001,-0.009399999999999999,0.0024,-0.0232,0.004699999999999999,-0.004699999999999999,0.0213,0.0005,0.025099999999999997,0.0002
1994-05-01,-0.0151,0.0116,0.009000000000000001,-0.034,0.0194,0.0375,0.03,0.011399999999999999,0.0349,0.030299999999999997,0.0040999999999999995,-0.0218,-0.0048,-0.0536,-0.0268,0.0436,0.022099999999999998
1994-06-01,-0.0124,-0.0233,-0.0271,-0.0383,-0.0231,-0.0285,-0.0298,-0.031,0.0076,-0.0051,-0.045,-0.030699999999999998,-0.0166,-0.0315,-0.0207,-0.0258,-0.023700000000000002
1994-07-01,0.0333,0.0086,0.0313,0.0138,0.0239,0.0392,0.0137,0.0287,0.07200000000000001,-0.0074,0.045700000000000005,0.0366,0.0096,0.0519,0.0091,0.0281,0.0345
1994-08-01,0.0639,0.0443,-0.0022,0.0516,0.046,0.0613,0.1073,0.057699999999999994,0.054400000000000004,0.0335,0.0654,-0.011699999999999999,0.0327,0.0066,0.0409,0.0354,0.0437
1994-09-01,0.009399999999999999,0.0558,-0.020499999999999997,-0.0355,-0.016399999999999998,-0.0072,0.0063,-0.0335,0.0032,-0.025699999999999997,-0.0151,-0.0533,-0.0638,-0.0279,-0.0263,-0.047599999999999996,-0.0054
1994-10-01,0.023399999999999997,-0.0843,0.0738,0.015,-0.0027,-0.0008,0.024399999999999998,0.0088,-0.0401,0.0161,0.0454,-0.0166,0.0218,0.0159,0.0126,0.0032,0.0111
1994-11-01,-0.0086,-0.0946,-0.051100000000000007,-0.0375,-0.0473,-0.0721,0.0101,-0.0418,-0.0863,-0.035699999999999996,-0.0363,-0.0472,-0.0383,0.0028000000000000004,-0.033,-0.0536,-0.0403
1994-12-01,0.0108,0.0258,-0.0069,0.0101,0.0091,0.0348,0.0028000000000000004,0.0072,0.043899999999999995,0.0115,0.0375,0.0449,0.0215,0.0034999999999999996,-0.0412,0.0134,0.0207
1995-01-01,0.026699999999999998,-0.0621,0.0024,-0.028999999999999998,0.0123,-0.024900000000000002,0.0587,0.0124,-0.0637,0.025099999999999997,-0.0021,-0.057999999999999996,0.02,0.0622,0.0155,0.056299999999999996,0.0207
1995-02-01,0.0296,0.0424,0.0475,0.0265,0.0507,0.060700000000000004,0.0176,0.0288,0.0319,0.0425,0.06860000000000001,0.0464,0.0665,0.008199999999999999,0.0288,0.049100000000000005,0.0359
1995-03-01,0.0327,0.10619999999999999,0.051399999999999994,-0.0002,0.0373,0.0587,0.019299999999999998,0.0037,0.0227,0.0446,0.0418,0.0127,0.04650000000000001,-0.0175,0.0433,0.0118,0.0231
1995-04-01,0.0382,-0.0159,0.0229,-0.0072,0.0182,0.030600000000000002,0.0348,-0.0004,0.0018,0.0123,0.0785,0.0176,0.0351,0.023799999999999998,-0.0225,0.0179,0.018600000000000002
1995-05-01,0.051500000000000004,-0.01,0.0416,0.0159,0.0252,0.0301,0.030899999999999997,0.0152,0.0161,0.049100000000000005,0.0354,0.0501,0.0215,0.0604,0.0358,0.0622,0.0106
1995-06-01,0.0183,0.0088,-0.0308,0.0248,0.008100000000000001,0.0149,0.0301,0.032,0.0703,0.005,0.061900000000000004,0.0118,0.042300000000000004,-0.0046,0.0524,0.0177,0.0528
1995-07-01,0.0087,0.0557,0.0219,0.0611,0.0275,0.0264,0.0256,0.044199999999999996,0.0682,0.0334,0.0757,0.022400000000000003,0.0767,-0.0037,0.0313,0.04190000000000001,0.0538
1995-08-01,-0.0002,0.0116,-0.016399999999999998,0.0014000000000000002,0.0096,-0.0006,0.002,-0.016,-0.0062,-0.0113,-0.0017000000000000001,0.0078000000000000005,-0.0034999999999999996,0.009899999999999999,-0.0308,0.052000000000000005,0.0195
1995-09-01,0.0858,0.0029,0.0123,0.0149,0.0006,0.0253,0.0788,0.0191,-0.049699999999999994,-0.0405,0.0141,-0.0040999999999999995,0.038,0.063,0.0392,0.057699999999999994,0.031200000000000002
1995-10-01,0.0175,-0.0862,-0.0017000000000000001,-0.0541,-0.0195,-0.0559,0.031,-0.022799999999999997,-0.061500000000000006,-0.068,0.0103,-0.0541,-0.0215,0.0148,-0.067,-0.0192,-0.011000000000000001
1995-11-01,0.042199999999999994,0.0818,0.049,0.023700000000000002,0.0553,0.0639,0.053200000000000004,0.0724,0.0857,0.0736,0.0006,0.054299999999999994,0.0751,0.0158,0.058899999999999994,0.0674,0.036000000000000004
1995-12-01,0.014499999999999999,0.0255,0.0571,0.0229,-0.0129,0.0208,0.0407,0.0199,-0.0163,-0.004699999999999999,-0.020099999999999996,0.0426,0.011000000000000001,0.051,-0.0199,0.0124,0.0182
1996-01-01,0.0305,0.1384,-0.0046,-0.03,0.031400000000000004,0.0555,0.0541,0.0144,0.042699999999999995,0.0132,0.0348,0.030899999999999997,0.0077,0.018600000000000002,0.0019,0.0383,0.020499999999999997
1996-02-01,0.0334,0.0217,0.0102,0.023799999999999998,0.0102,0.031200000000000002,-0.0113,-0.0191,-0.009899999999999999,0.0601,0.0479,0.018000000000000002,0.0332,-0.026699999999999998,0.0587,0.0212,0.0074
1996-03-01,-0.0143,0.0002,0.049400000000000006,0.081,0.0091,0.0562,0.0031,0.0412,0.060700000000000004,0.016200000000000003,-0.0236,0.067,0.0346,-0.0052,0.0641,0.0102,0.0026
1996-04-01,-0.0052,0.008199999999999999,0.0369,0.048600000000000004,0.0452,-0.011000000000000001,-0.0078000000000000005,0.0209,0.013999999999999999,0.0512,0.0672,0.032,0.0184,-0.026600000000000002,0.044500000000000005,-0.0105,0.045899999999999996
1996-05-01,0.0723,0.0425,0.0049,0.0678,0.0317,-0.0044,0.0462,0.0327,-0.0034000000000000002,0.0137,0.0355,0.0175,0.0089,0.0132,0.0414,0.0143,0.023399999999999997
1996-06-01,0.0405,-0.1061,0.009899999999999999,0.0017000000000000001,-0.0034999999999999996,-0.0236,0.0192,0.0088,-0.06480000000000001,-0.001,-0.045,-0.0509,-0.0046,0.0527,-0.016399999999999998,0.0069,-0.0149
1996-07-01,-0.0429,-0.0325,-0.0454,-0.0451,-0.062,-0.0322,-0.036000000000000004,-0.047400000000000005,-0.0669,-0.0746,-0.061200000000000004,-0.045,-0.0492,-0.0581,-0.0751,-0.0245,-0.0828
1996-08-01,0.01,0.03,0.028900000000000002,0.052000000000000005,0.024300000000000002,0.0346,0.0033,0.0333,0.0621,0.06309999999999999,0.0475,0.030699999999999998,0.0341,0.028900000000000002,0.0693,0.0425,0.0232
1996-09-01,0.0452,-0.0281,0.0393,0.048799999999999996,0.0478,0.061200000000000004,0.0682,0.0643,0.0204,0.025,0.1057,-0.0032,0.0316,0.0068000000000000005,0.026699999999999998,0.0583,0.053399999999999996
1996-10-01,0.0102,-0.016,0.0621,-0.0009,-0.0219,0.0106,0.0187,0.010700000000000001,-0.0268,-0.0126,0.0108,0.0454,0.0176,0.0361,-0.0242,0.0546,-0.0194
1996-11-01,0.042199999999999994,0.0246,0.054000000000000006,0.0025,0.0557,0.0472,0.0851,0.020099999999999996,0.0767,0.0622,0.126,0.063,0.0625,0.026000000000000002,0.0317,0.08380000000000001,0.0548
1996-12-01,-0.0084,-0.0159,0.006500000000000001,0.021,-0.0182,-0.0181,-0.0173,-0.0062,-0.0124,0.0123,-0.025099999999999997,-0.0262,0.012,0.0013,-0.0405,-0.016399999999999998,-0.0040999999999999995
1997-01-01,0.0765,-0.0313,0.0409,0.0533,0.045599999999999995,0.0421,0.0992,0.036000000000000004,0.044800000000000006,0.0351,0.08539999999999999,0.0245,0.020099999999999996,0.0092,0.0046,0.06559999999999999,0.0417
1997-02-01,0.0298,0.1485,-0.0571,0.028900000000000002,0.0195,0.0088,0.0288,-0.0015,0.0019,-0.0268,-0.055099999999999996,0.005600000000000001,-0.0154,-0.005699999999999999,0.0394,0.0393,-0.0123
1997-03-01,-0.0409,-0.10439999999999999,0.0492,-0.0416,-0.061500000000000006,-0.021099999999999997,-0.0732,-0.0436,-0.0436,-0.0405,-0.046,-0.042699999999999995,-0.008100000000000001,-0.0279,-0.0007000000000000001,-0.0654,-0.0603
1997-04-01,0.0761,-0.049699999999999994,0.0003,-0.0338,0.054000000000000006,0.0319,0.0762,0.0669,0.008100000000000001,0.051399999999999994,0.0725,0.0463,0.041100000000000005,-0.0139,0.0199,0.0602,0.0353
1997-05-01,0.045899999999999996,0.079,0.0737,0.0582,0.065,0.0454,0.0707,0.0642,0.0874,0.1066,0.0959,0.054000000000000006,0.0649,0.0363,0.0537,0.0567,0.0874
1997-06-01,0.0287,0.0274,0.012,0.0341,0.0443,0.0667,0.08259999999999999,0.048499999999999995,0.0352,0.0358,0.019799999999999998,0.0277,0.0345,0.031400000000000004,0.059500000000000004,0.06,0.0388
1997-07-01,0.0383,0.0139,0.0713,0.028999999999999998,0.004699999999999999,0.0687,0.0302,0.0882,0.09369999999999999,0.028900000000000002,0.1643,0.0814,0.07780000000000001,0.028300000000000002,0.0891,0.1051,0.0529
1997-08-01,-0.086,0.0034000000000000002,0.0034000000000000002,-0.0398,-0.021400000000000002,-0.0455,-0.0761,-0.0632,-0.0161,0.0256,-0.0169,0.0106,-0.0492,-0.0116,-0.0318,-0.0562,-0.0235
1997-09-01,0.0707,0.0513,0.0617,0.0601,0.0446,0.0049,0.058499999999999996,0.0537,0.006,0.011200000000000002,0.0458,0.0541,0.0613,0.0462,0.047599999999999996,0.0821,0.0554
1997-10-01,-0.0345,-0.1356,-0.0194,-0.0673,-0.0387,-0.0391,0.0058,-0.012199999999999999,-0.0775,-0.045899999999999996,-0.10099999999999999,-0.0323,-0.0582,0.0089,-0.0248,-0.021099999999999997,-0.024700000000000003
1997-11-01,0.0757,-0.0883,-0.0344,0.0006,0.018500000000000003,0.030600000000000002,0.0471,0.024399999999999998,-0.0466,0.0182,0.0277,-0.0219,0.019299999999999998,0.0718,0.0679,0.0354,0.0438
1997-12-01,0.0375,-0.0557,-0.0127,-0.0553,0.0086,-0.0001,0.0446,0.038,-0.0083,0.0077,-0.0359,0.0434,0.0034999999999999996,0.0801,-0.0121,0.0579,0.011200000000000002
1998-01-01,-0.0263,-0.0052,-0.0557,-0.0001,0.020499999999999997,-0.0285,0.048,0.0132,0.032,-0.0216,0.0434,0.003,0.0062,-0.0438,0.0121,-0.0264,0.0262
1998-02-01,0.0432,0.0398,0.06860000000000001,0.0969,0.0873,0.0765,0.0547,0.0877,0.039599999999999996,0.0851,0.08039999999999999,0.1274,0.0755,0.0264,0.1177,0.0891,0.0664
1998-03-01,0.0859,0.0958,0.0463,0.0513,0.0547,0.0556,0.024700000000000003,0.0823,0.0236,0.0436,-0.0097,0.059699999999999996,0.0344,0.067,0.0747,0.058899999999999994,0.0738
1998-04-01,-0.0346,0.032799999999999996,0.0378,0.022099999999999998,0.0409,0.028300000000000002,0.0083,-0.0017000000000000001,0.0443,-0.028999999999999998,0.0467,0.0155,-0.0129,-0.024900000000000002,-0.0045000000000000005,0.0209,0.0053
1998-05-01,0.022000000000000002,-0.1072,-0.0412,-0.013999999999999999,-0.039900000000000005,0.011200000000000002,-0.0146,0.0113,-0.0931,-0.0345,-0.061200000000000004,0.0964,-0.036699999999999997,-0.0109,0.0274,-0.023,-0.0434
1998-06-01,0.0387,-0.0395,-0.0111,-0.0066,-0.0033,-0.0352,0.0735,0.011899999999999999,-0.0594,-0.0693,0.0282,0.0292,-0.0086,0.03,0.0674,0.0371,0.051399999999999994
1998-07-01,-0.060700000000000004,-0.0227,-0.0661,-0.10460000000000001,-0.0033,-0.0901,-0.0014000000000000002,-0.037599999999999995,-0.0633,-0.0691,0.0101,0.002,-0.057999999999999996,-0.0541,-0.0231,-0.0116,-0.0139
1998-08-01,-0.14800000000000002,-0.2139,-0.10439999999999999,-0.20579999999999998,-0.1408,-0.11220000000000001,-0.0983,-0.1641,-0.1776,-0.1912,-0.1478,-0.1971,-0.17629999999999998,0.0196,-0.1352,-0.21969999999999998,-0.1693
1998-09-01,-0.0027,0.19820000000000002,0.1359,0.005,-0.030600000000000002,0.0059,0.10490000000000001,0.0009,0.091,-0.0274,0.1072,0.0138,0.0441,0.0817,0.0003,0.024399999999999998,0.0922
1998-10-01,0.1268,0.0315,0.010700000000000001,0.051699999999999996,0.0981,0.013600000000000001,0.06480000000000001,0.1097,0.08220000000000001,0.1144,0.1,0.1131,0.10710000000000001,-0.0177,0.1246,0.0909,0.053099999999999994
1998-11-01,0.048,0.0166,0.0040999999999999995,0.0626,0.0292,0.0406,0.0565,0.0808,-0.0212,0.032,0.0834,0.0524,0.0483,0.013300000000000001,0.0962,0.061900000000000004,0.0788
1998-12-01,-0.008100000000000001,0.0694,-0.0146,0.0433,0.0096,-0.049100000000000005,0.0335,0.11259999999999999,-0.0076,-0.050199999999999995,0.1198,0.047599999999999996,-0.0175,0.0286,0.09119999999999999,0.031200000000000002,0.11779999999999999
1999-01-01,-0.024900000000000002,0.0579,-0.0487,0.0248,-0.005600000000000001,-0.0484,-0.0146,0.0575,0.037000000000000005,-0.0037,0.1124,0.0812,-0.0062,-0.0625,0.0344,0.0033,0.08199999999999999
1999-02-01,-0.0275,0.0206,-0.0342,-0.0102,-0.0424,0.015300000000000001,-0.0004,-0.0496,-0.053099999999999994,-0.0207,-0.10769999999999999,-0.0432,0.011399999999999999,-0.0363,0.0008,0.0063,-0.0553
1999-03-01,-0.0256,0.135,0.1399,-0.0058,-0.0070999999999999995,0.037000000000000005,0.0163,0.0472,-0.0253,0.0379,0.0536,-0.0172,0.0341,-0.016399999999999998,0.0381,0.0297,0.0478
1999-04-01,0.0344,0.2284,0.15560000000000002,0.0849,0.1332,0.2225,-0.0581,0.0116,0.3024,0.1547,0.0416,0.08039999999999999,0.1306,0.0735,-0.0011,0.0635,0.043899999999999995
1999-05-01,0.014499999999999999,-0.1081,-0.0276,-0.0161,-0.0291,-0.0623,-0.0199,-0.026000000000000002,-0.0738,-0.0017000000000000001,-0.0068000000000000005,-0.054000000000000006,-0.0345,0.0673,-0.0395,-0.0384,-0.0092
1999-06-01,-0.0194,-0.0849,0.0018,0.0209,0.044000000000000004,0.032,0.0397,-0.0048,0.08800000000000001,0.0176,0.1155,-0.006500000000000001,0.0308,-0.0449,0.079,0.028300000000000002,0.0729
1999-07-01,-0.013600000000000001,-0.0944,0.0235,-0.07919999999999999,-0.0347,-0.0012,-0.0555,-0.0167,-0.0113,-0.0095,0.0192,-0.077,-0.013600000000000001,-0.0058,-0.060899999999999996,-0.057300000000000004,-0.037000000000000005
1999-08-01,-0.0294,0.053899999999999997,0.0139,-0.1105,-0.0489,-0.059000000000000004,0.0392,-0.038900000000000004,-0.004699999999999999,-0.060599999999999994,0.0718,0.0327,-0.046799999999999994,0.0058,-0.0608,-0.0512,-0.0253
1999-09-01,-0.0958,-0.0393,-0.0365,0.0034000000000000002,-0.0904,-0.055099999999999996,-0.0751,-0.0166,-0.0255,-0.0329,-0.0172,-0.0599,-0.0653,-0.042800000000000005,0.0144,-0.0558,0.0173
1999-10-01,0.1261,0.09820000000000001,-0.025,0.0086,-0.0167,0.0226,0.1051,0.0495,0.0105,-0.0088,0.0499,0.0405,0.0177,0.0216,0.042300000000000004,0.1402,0.0433
1999-11-01,0.0111,-0.0025,0.035,-0.076,-0.018799999999999997,-0.0059,0.0034000000000000002,0.0256,0.0735,-0.04,0.0802,-0.025699999999999997,-0.0455,-0.0736,0.0466,-0.0366,0.0768
1999-12-01,-0.0721,0.1351,0.0063,0.035699999999999996,0.0158,0.0674,-0.083,0.15810000000000002,0.22399999999999998,0.0431,0.16010000000000002,0.0417,0.020099999999999996,-0.023700000000000002,0.0298,-0.0109,0.1565
2000-01-01,-0.0512,0.2155,0.0236,-0.1101,-0.081,-0.0891,0.0361,-0.1487,-0.0233,-0.0953,-0.002,-0.0084,-0.09519999999999999,0.0554,-0.1272,-0.0449,-0.0692
2000-02-01,-0.09380000000000001,-0.038599999999999995,-0.050199999999999995,-0.0964,-0.048600000000000004,-0.0755,-0.09880000000000001,-0.0131,0.0726,-0.115,0.1942,-0.0832,-0.061799999999999994,-0.0707,-0.0638,-0.08800000000000001,0.0542
2000-03-01,0.046799999999999994,-0.0353,0.1321,0.20800000000000002,0.029900000000000003,0.128,0.008,0.12269999999999999,0.0347,0.1377,0.0863,0.1054,0.11449999999999999,0.058899999999999994,0.1512,0.16949999999999998,0.0282
2000-04-01,0.0002,-0.11460000000000001,-0.0183,0.041299999999999996,0.013999999999999999,-0.044800000000000006,0.0862,-0.061500000000000006,-0.0105,0.0216,-0.030699999999999998,0.1013,0.0484,0.0742,-0.031400000000000004,-0.0369,-0.11199999999999999
2000-05-01,0.1297,-0.0802,0.1043,-0.051,-0.0088,0.006500000000000001,0.064,-0.09910000000000001,-0.0449,-0.0262,-0.0944,-0.1373,-0.021,0.039599999999999996,-0.0178,0.049699999999999994,-0.0796
2000-06-01,0.042300000000000004,0.0663,-0.0669,-0.0793,-0.0184,-0.0632,0.08070000000000001,-0.0072,0.16079999999999997,-0.056900000000000006,0.1051,-0.1142,-0.057300000000000004,-0.046799999999999994,-0.024399999999999998,-0.042800000000000005,0.073
2000-07-01,0.0189,-0.0507,-0.013999999999999999,0.053399999999999996,-0.0375,0.012199999999999999,-0.07150000000000001,0.0017000000000000001,-0.062,0.0412,-0.020499999999999997,0.057699999999999994,0.0849,0.0387,-0.0335,0.0863,-0.0592
2000-08-01,-0.059800000000000006,0.0555,0.09570000000000001,0.0192,0.0545,0.0275,0.011200000000000002,-0.0078000000000000005,0.2505,0.08800000000000001,0.1439,0.0572,0.0352,0.1166,-0.0496,0.1011,0.07150000000000001
2000-09-01,0.053399999999999996,-0.077,0.0484,0.004,-0.1246,-0.034,0.052300000000000006,0.0271,-0.12269999999999999,-0.061,-0.1832,-0.045700000000000005,0.0319,0.08800000000000001,0.013999999999999999,0.0248,-0.0663
2000-10-01,0.0712,-0.0248,-0.0344,0.027999999999999997,0.0084,0.021099999999999997,0.0594,-0.0601,-0.1215,0.0351,-0.053899999999999997,0.0327,0.11019999999999999,-0.0167,0.0134,-0.0053,-0.0513
2000-11-01,0.0417,0.0507,-0.04190000000000001,0.0336,-0.0481,0.011000000000000001,0.028399999999999998,-0.0542,-0.1565,-0.0809,-0.2343,-0.1278,-0.0002,0.0296,0.0195,-0.0512,-0.15039999999999998
2000-12-01,0.018799999999999997,0.0955,0.0928,0.1317,0.0471,0.1002,0.037000000000000005,0.14,0.0189,0.098,-0.0702,-0.0067,0.0182,0.0647,0.0236,0.098,-0.0279
2001-01-01,-0.048,0.016399999999999998,-0.0366,0.042300000000000004,0.10060000000000001,-0.051399999999999994,-0.0843,0.0315,0.061500000000000006,0.0151,0.13119999999999998,0.1355,-0.0028000000000000004,-0.1023,0.085,-0.0046,0.1025
2001-02-01,-0.0169,0.045599999999999995,-0.013999999999999999,-0.1013,0.0084,-0.022000000000000002,0.0026,-0.041299999999999996,-0.2384,-0.0085,-0.2897,-0.0088,-0.0016,0.061799999999999994,-0.0506,-0.0507,-0.1112
2001-03-01,-0.056900000000000006,0.009000000000000001,-0.0111,-0.0147,-0.0335,-0.044000000000000004,-0.0701,0.0,-0.084,-0.027000000000000003,-0.1233,-0.0229,-0.059699999999999996,0.0105,-0.031,-0.0332,-0.1003
2001-04-01,-0.0128,0.07780000000000001,0.09939999999999999,0.0692,0.0392,0.0637,0.0359,0.0546,0.1333,0.0687,0.1693,0.08789999999999999,0.0776,0.0541,0.042,0.040999999999999995,0.1124
2001-05-01,0.0352,0.0582,-0.0103,0.0382,0.0633,0.009399999999999999,0.0263,0.037200000000000004,0.0021,0.057999999999999996,-0.054900000000000004,-0.028900000000000002,0.0387,0.004699999999999999,0.0103,0.036699999999999997,0.010700000000000001
2001-06-01,-0.0245,-0.0593,-0.07440000000000001,-0.012,0.0038,-0.0297,-0.0426,-0.0175,-0.073,-0.01,-0.013000000000000001,0.05,-0.0848,-0.061500000000000006,-0.0286,0.0069,0.0037
2001-07-01,0.0217,-0.08220000000000001,-0.023399999999999997,0.0126,-0.0212,-0.0336,0.0322,0.0435,-0.0231,-0.022400000000000003,-0.0407,0.053,0.0207,-0.0384,0.0489,-0.0063,-0.0555
2001-08-01,0.044199999999999996,0.0345,-0.0464,-0.0438,0.0051,-0.013300000000000001,-0.027000000000000003,-0.0374,-0.0633,-0.0146,-0.1002,-0.1265,-0.04769999999999999,0.0053,-0.07730000000000001,-0.0526,-0.0849
2001-09-01,-0.019,-0.0496,-0.0699,-0.1739,-0.1671,-0.0916,0.011899999999999999,-0.1452,-0.22,-0.16760000000000003,-0.244,-0.1537,-0.1869,-0.066,-0.08689999999999999,-0.0553,-0.09519999999999999
2001-10-01,0.0116,0.0199,0.030299999999999997,0.0733,0.0633,0.0337,0.006500000000000001,0.0278,0.025,0.0768,0.1863,0.0049,0.0512,0.0176,0.0362,-0.015300000000000001,0.0176
2001-11-01,0.0044,-0.0183,-0.0611,0.09449999999999999,0.0644,0.10890000000000001,0.0339,0.1624,0.1574,0.0917,0.1929,0.16570000000000001,0.0868,-0.0143,0.1012,0.0673,0.09210000000000002
2001-12-01,0.024700000000000003,0.0519,0.056600000000000004,0.0762,0.0388,-0.011399999999999999,-0.0292,0.07440000000000001,-0.027200000000000002,0.0725,-0.0197,-0.0176,0.0381,0.0404,0.04190000000000001,0.0315,0.023
2002-01-01,0.0004,-0.0063,-0.0285,0.0525,0.0203,-0.0158,-0.0042,0.0006,-0.0026,-0.0044,0.0447,0.0239,0.0669,-0.0433,0.034300000000000004,-0.011899999999999999,-0.0482
2002-02-01,0.037200000000000004,0.0325,0.056100000000000004,0.0006,0.049100000000000005,0.044000000000000004,0.011699999999999999,0.018799999999999997,0.0003,0.0727,-0.1335,0.0268,0.049100000000000005,-0.0036,0.0039000000000000003,-0.0111,-0.041299999999999996
2002-03-01,0.0417,0.0924,0.0771,0.0425,0.0538,0.0512,-0.0003,-0.009300000000000001,0.0604,0.0928,0.1005,0.0731,0.030899999999999997,0.10289999999999999,0.024700000000000003,0.0629,0.027000000000000003
2002-04-01,0.029900000000000003,-0.0083,-0.0493,0.0371,0.024,-0.0513,-0.0659,-0.0039000000000000003,-0.0713,0.030699999999999998,-0.0753,0.0137,-0.034,-0.0042,-0.0167,-0.0102,-0.1017
2002-05-01,0.0060999999999999995,0.057300000000000004,-0.011899999999999999,-0.013600000000000001,-0.0072,0.0158,-0.0127,-0.030699999999999998,0.0036,-0.0263,-0.0297,0.0123,0.0007000000000000001,-0.0692,-0.0037,-0.0016,-0.0155
2002-06-01,-0.0182,-0.08109999999999999,-0.0001,-0.0206,-0.0525,-0.0134,-0.0978,-0.0526,-0.0518,-0.0286,-0.1602,-0.0818,0.0037,-0.0581,-0.04190000000000001,-0.047599999999999996,-0.0876
2002-07-01,-0.08380000000000001,-0.1441,-0.1183,-0.1188,-0.10189999999999999,-0.0951,-0.0176,-0.12869999999999998,-0.2039,-0.139,-0.0941,-0.1185,-0.0815,-0.12140000000000001,-0.1116,-0.0703,-0.0775
2002-08-01,0.005600000000000001,0.07690000000000001,0.0055000000000000005,-0.0128,0.0371,0.0177,0.026000000000000002,0.0203,-0.0483,0.0273,-0.0349,-0.0015,-0.0489,0.034,0.005699999999999999,0.0225,-0.0004
2002-09-01,-0.048600000000000004,-0.0783,-0.0787,-0.0605,-0.11220000000000001,-0.10550000000000001,-0.07730000000000001,-0.12480000000000001,-0.18460000000000001,-0.0745,-0.165,-0.102,-0.0664,-0.10880000000000001,-0.094,-0.1041,-0.10679999999999999
2002-10-01,0.048600000000000004,-0.0653,0.030899999999999997,0.0888,0.038900000000000004,0.054299999999999994,0.0694,0.050300000000000004,0.0642,0.0358,0.1476,-0.0414,0.0095,-0.0060999999999999995,0.056600000000000004,0.0728,0.1229
2002-11-01,-0.0131,0.0501,0.0296,0.0608,0.0956,0.09759999999999999,0.0203,0.0007000000000000001,0.182,0.0555,0.1945,0.1112,0.037599999999999995,0.0158,0.0433,0.0322,0.0877
2002-12-01,-0.009300000000000001,0.1157,0.0075,-0.0483,-0.0483,-0.045700000000000005,-0.030600000000000002,-0.048799999999999996,-0.1027,-0.0294,-0.1458,-0.07440000000000001,-0.0069,0.0383,-0.07780000000000001,-0.0425,-0.078
2003-01-01,-0.0452,-0.0381,-0.023399999999999997,-0.044000000000000004,-0.0489,-0.0583,-0.0131,-0.0652,-0.0478,-0.079,-0.022799999999999997,-0.039,-0.0524,-0.0321,-0.042300000000000004,-0.0161,-0.026000000000000002
2003-02-01,-0.035699999999999996,-0.030899999999999997,0.0184,-0.0323,-0.011699999999999999,-0.0403,-0.0264,0.049400000000000006,0.022799999999999997,-0.0128,0.0369,-0.050499999999999996,-0.059800000000000006,-0.0398,-0.026000000000000002,-0.0327,-0.0213
2003-03-01,0.0017000000000000001,-0.0315,0.015700000000000002,0.048,0.0068000000000000005,0.0393,0.028900000000000002,0.0229,-0.0326,-0.0052,-0.0259,-0.0194,0.008,0.0431,0.0596,0.0021,0.010700000000000001
2003-04-01,0.0391,0.0533,-0.0039000000000000003,0.0816,0.0693,0.0993,0.0378,0.0977,0.10220000000000001,0.08039999999999999,0.1121,0.168,0.096,0.0723,0.09029999999999999,0.1114,0.087
2003-05-01,0.0712,0.1448,0.0852,0.039900000000000005,0.0424,0.009399999999999999,0.0409,0.09849999999999999,0.13140000000000002,0.0269,0.1211,0.023799999999999998,0.059500000000000004,0.1016,0.020499999999999997,0.056100000000000004,0.0575
2003-06-01,0.0052,0.0574,-0.0102,-0.0066,-0.015700000000000002,-0.0158,0.0504,0.009300000000000001,0.0215,0.0078000000000000005,0.0015,0.008100000000000001,0.024700000000000003,0.0106,0.0355,0.0064,0.0143
2003-07-01,-0.005,0.0649,-0.0252,0.048499999999999995,0.0297,0.0785,-0.0327,0.001,0.0692,0.0688,0.092,0.0727,0.0346,-0.054299999999999994,0.0443,0.0437,0.021
2003-08-01,-0.0063,0.0849,0.061900000000000004,0.0513,0.042699999999999995,0.0189,-0.0275,0.0603,0.0464,0.0408,0.0791,0.0815,0.0331,0.0192,0.073,-0.0053,0.0273
2003-09-01,0.008,-0.0031,-0.0218,-0.016,-0.0575,-0.0613,0.0213,-0.011399999999999999,-0.0316,-0.0265,-0.0406,-0.0433,-0.04,0.0384,-0.0567,0.0058,-0.0134
2003-10-01,0.045599999999999995,0.1329,0.015600000000000001,0.1099,0.0849,0.0658,0.0155,0.1233,0.19210000000000002,0.1206,0.1321,0.0732,0.09480000000000001,0.0151,0.0888,0.0696,0.040999999999999995
2003-11-01,0.026699999999999998,0.0876,0.0064,0.0298,0.0064,0.0313,0.020499999999999997,0.015300000000000001,0.0356,0.0458,0.0362,0.0279,-0.008100000000000001,0.0095,-0.0007000000000000001,0.0096,0.0096
2003-12-01,0.0335,0.07139999999999999,0.1346,0.009300000000000001,0.0232,0.09480000000000001,0.0548,0.009899999999999999,0.1065,0.0729,0.0045000000000000005,0.1142,0.055099999999999996,0.058600000000000006,-0.0294,0.0414,0.0565
2004-01-01,-0.003,-0.0906,0.0032,-0.0161,0.0351,-0.014499999999999999,0.0179,-0.0183,0.0005,-0.0148,0.0271,-0.0159,-0.0151,0.0191,0.0023,0.0339,0.0365
2004-02-01,0.047599999999999996,0.0633,0.0452,0.0613,0.025099999999999997,0.0285,0.021099999999999997,0.052300000000000006,0.0637,0.0302,-0.0291,0.0028000000000000004,-0.0033,0.021099999999999997,0.0767,0.028900000000000002,-0.0102
2004-03-01,0.009300000000000001,0.0361,-0.0006,0.0242,-0.0281,-0.0177,-0.0361,0.0273,-0.044800000000000006,0.0346,-0.0172,-0.0167,-0.0223,0.011399999999999999,-0.0034999999999999996,-0.0070999999999999995,-0.0171
2004-04-01,0.0184,-0.1358,0.026699999999999998,-0.0184,-0.0424,-0.006500000000000001,0.0403,-0.0504,-0.0872,-0.029500000000000002,-0.0724,0.04,0.0143,-0.035699999999999996,-0.028900000000000002,-0.0426,-0.0046
2004-05-01,-0.0013,0.0562,0.0048,-0.0017000000000000001,0.0101,0.0066,-0.011399999999999999,0.0225,0.058499999999999996,0.0034000000000000002,0.0576,-0.0165,0.0163,0.0126,0.0016,0.015600000000000001,0.0079
2004-06-01,0.0115,0.0414,0.0535,0.0416,0.029300000000000003,0.056299999999999996,-0.006500000000000001,0.0025,0.0942,0.0508,0.0216,0.0473,0.0737,0.0203,-0.0037,0.0054,0.028399999999999998
2004-07-01,-0.0682,0.0149,0.0339,-0.0493,-0.0635,-0.0305,-0.06269999999999999,-0.0417,-0.0019,-0.0421,-0.0943,-0.0513,-0.0197,0.0106,-0.0233,-0.0223,-0.0433
2004-08-01,0.0022,0.034300000000000004,-0.013500000000000002,0.0016,0.0148,0.0302,0.0278,0.051500000000000004,-0.0023,-0.0109,-0.06,-0.0279,-0.0045000000000000005,0.036699999999999997,-0.0197,0.031200000000000002,-0.0079
2004-09-01,-0.0356,0.0649,0.0883,0.028300000000000002,0.0424,0.0466,-0.0407,0.059800000000000006,0.0797,0.0446,0.027000000000000003,0.0096,0.0225,0.0138,0.0233,0.0012,0.029900000000000003
2004-10-01,0.027200000000000002,-0.016200000000000003,0.006500000000000001,0.051500000000000004,-0.0059,0.0021,-0.0223,0.0195,-0.0358,0.0512,0.0453,-0.028399999999999998,0.025,0.0424,0.029500000000000002,0.0062,0.0204
2004-11-01,0.021400000000000002,0.0864,0.0632,0.0421,0.0858,0.08869999999999999,0.018000000000000002,0.042699999999999995,0.1305,0.1015,0.0571,0.06509999999999999,0.0645,0.0489,0.0321,0.0461,0.0481
2004-12-01,0.050300000000000004,-0.0269,-0.0229,0.0545,0.0385,0.0275,0.0581,0.0516,-0.016200000000000003,0.0113,0.0317,0.050499999999999996,0.0196,0.0248,0.0308,0.0416,0.0406
2005-01-01,-0.004699999999999999,-0.0098,0.0298,-0.026099999999999998,-0.0407,-0.013300000000000001,-0.038599999999999995,0.009399999999999999,-0.0037,-0.035699999999999996,-0.05,-0.0708,-0.0403,0.0176,-0.0040999999999999995,-0.0208,-0.0395
2005-02-01,-0.0018,0.1101,0.19579999999999997,0.0204,0.0024,0.0862,0.0354,0.0231,0.0977,0.016399999999999998,0.0327,0.013300000000000001,0.0325,0.0236,0.001,-0.0025,-0.0077
2005-03-01,-0.0105,-0.0528,-0.034300000000000004,-0.0165,-0.0311,-0.0204,0.0075,-0.035699999999999996,-0.0755,-0.0373,-0.0276,-0.0819,0.0078000000000000005,0.0060999999999999995,0.0148,-0.0323,-0.0124
2005-04-01,0.013600000000000001,-0.0889,-0.055999999999999994,-0.0725,-0.0929,-0.07400000000000001,0.0339,-0.0434,-0.0971,-0.013999999999999999,-0.0479,-0.10529999999999999,-0.037000000000000005,0.0213,-0.0553,-0.0087,-0.026699999999999998
2005-05-01,0.0229,0.0519,0.0195,0.06480000000000001,0.0521,0.0023,0.0123,0.07400000000000001,0.0019,0.0217,0.0965,0.09140000000000001,0.0509,0.0166,0.0625,0.0332,0.0315
2005-06-01,-0.0287,0.058499999999999996,0.0574,0.0533,0.011399999999999999,-0.0073,-0.0109,0.0218,-0.027000000000000003,0.0105,-0.008100000000000001,0.0255,-0.0138,0.0556,0.0268,0.0242,-0.0105
2005-07-01,0.018000000000000002,0.10679999999999999,0.0552,0.031400000000000004,0.011000000000000001,0.0478,0.0168,0.1026,0.1315,0.075,0.0663,0.0759,0.05,0.0298,0.0495,0.0174,0.0478
2005-08-01,-0.009899999999999999,0.0492,0.057800000000000004,-0.0334,-0.024399999999999998,-0.06269999999999999,0.0022,-0.032799999999999996,-0.0078000000000000005,-0.0165,-0.0097,-0.0444,-0.0182,0.0125,-0.065,-0.014499999999999999,-0.0064
2005-09-01,0.0016,0.1206,0.0721,-0.0275,-0.0381,-0.0166,-0.0028000000000000004,0.006999999999999999,0.0308,-0.0279,0.0051,-0.048799999999999996,0.0242,0.0438,-0.0167,0.011699999999999999,-0.0040999999999999995
2005-10-01,-0.010700000000000001,-0.0695,-0.1016,-0.0286,-0.032400000000000005,0.0245,-0.0286,-0.0388,-0.0433,-0.0258,-0.042699999999999995,-0.0558,-0.006,-0.06849999999999999,0.0222,0.025099999999999997,-0.011899999999999999
2005-11-01,0.0089,0.0535,0.0101,0.058899999999999994,0.06849999999999999,0.0345,0.002,0.054000000000000006,0.1291,0.052199999999999996,0.0697,0.0097,0.06,-0.0022,0.0366,0.0449,0.0479
2005-12-01,-0.0146,0.0519,0.0040999999999999995,0.0013,0.0075,0.0091,0.037599999999999995,-0.0128,0.036699999999999997,-0.0013,-0.0062,-0.0137,0.023,0.0124,-0.0085,0.0031,-0.013000000000000001
2006-01-01,-0.0048,0.1736,0.1249,0.0076,0.0446,0.0302,0.019799999999999998,0.0575,0.1493,0.0444,0.0582,0.046799999999999994,0.0384,0.030299999999999997,0.0155,0.0129,0.0223
2006-02-01,0.016,-0.0827,-0.0816,0.0116,0.0236,0.0005,0.013300000000000001,-0.0073,-0.0296,0.0302,0.0078000000000000005,-0.0168,0.030299999999999997,0.0023,0.0079,0.016,0.0003
2006-03-01,0.0163,0.0704,0.0397,0.0166,0.0446,0.0113,-0.0059,0.0134,0.12140000000000001,0.0384,0.026099999999999998,0.0166,0.040999999999999995,-0.0365,0.0273,0.0064,0.0256
2006-04-01,0.008100000000000001,0.11470000000000001,0.0408,-0.0045000000000000005,-0.0241,0.0253,-0.004699999999999999,-0.0158,0.0765,-0.0083,0.015300000000000001,-0.0128,0.0213,0.0182,-0.0089,0.0281,-0.0046
2006-05-01,0.0278,-0.0824,-0.0348,-0.0327,-0.0379,-0.022000000000000002,-0.0199,-0.06559999999999999,-0.0463,-0.0475,-0.0642,0.015600000000000001,-0.0177,0.0151,-0.0138,-0.036000000000000004,-0.028300000000000002
2006-06-01,-0.0055000000000000005,-0.013000000000000001,0.0305,0.0034999999999999996,-0.0127,-0.0103,0.0121,-0.0384,0.028999999999999998,-0.0219,-0.02,0.0132,0.0209,0.0242,0.0144,-0.0043,-0.0037
2006-07-01,0.0241,-0.062,0.056799999999999996,-0.030600000000000002,-0.0286,-0.0449,0.046799999999999994,-0.0629,-0.0412,-0.0171,-0.0507,-0.018000000000000002,-0.0689,0.0483,-0.0472,0.0138,-0.0139
2006-08-01,0.0326,-0.0248,-0.0308,0.0394,0.0354,0.0371,0.0359,0.0029,-0.0259,0.0187,0.0696,0.0262,-0.0066,0.022799999999999997,0.030299999999999997,0.015,0.0336
2006-09-01,0.0063,-0.0913,-0.0353,0.0849,0.045,0.021099999999999997,0.0078000000000000005,0.0105,0.0007000000000000001,0.0369,0.0242,0.048799999999999996,0.0395,-0.0212,0.0652,0.0359,0.0304
2006-10-01,0.0059,0.10949999999999999,0.0501,0.0742,0.0695,0.0611,0.0183,0.0472,0.1076,0.053,0.0287,0.0472,0.0449,0.0536,0.0371,0.020099999999999996,0.0466
2006-11-01,0.0088,0.0682,0.0866,0.042,0.0187,0.0325,0.0023,0.042300000000000004,0.0883,0.032400000000000005,0.0444,0.0163,0.032,0.030600000000000002,-0.024300000000000002,0.009000000000000001,0.016
2006-12-01,0.0246,-0.0564,-0.017,0.0004,-0.0031,0.011200000000000002,0.0066,0.0155,-0.0262,0.0001,-0.0125,0.0022,-0.0105,0.0073,0.0134,0.0375,0.018799999999999997
2007-01-01,0.012199999999999999,0.056299999999999996,-0.013999999999999999,0.0332,0.018000000000000002,0.034300000000000004,0.0308,0.0356,0.09720000000000001,0.0291,0.016,0.0444,0.042699999999999995,0.0048,0.0339,0.0037,0.023399999999999997
2007-02-01,-0.0204,0.057300000000000004,-0.0222,0.0184,0.0116,0.0233,-0.0277,-0.0174,0.0195,-0.0049,-0.0059,0.0032,-0.0097,0.0416,-0.0029,-0.0252,-0.024900000000000002
2007-03-01,0.027200000000000002,0.0277,0.0602,0.0037,0.0001,0.0195,0.0076,-0.046799999999999994,0.0603,0.022799999999999997,0.006500000000000001,-0.0012,-0.0006,0.0433,0.013300000000000001,-0.0037,0.0106
2007-04-01,0.0404,0.08199999999999999,0.048799999999999996,0.020499999999999997,0.0722,0.018500000000000003,0.053099999999999994,0.023700000000000002,0.0337,0.049800000000000004,0.059500000000000004,0.0548,0.0412,0.0392,0.026000000000000002,0.0364,0.0345
2007-05-01,0.0282,0.07780000000000001,0.0698,0.0529,0.0171,0.0489,0.014199999999999999,0.06309999999999999,0.10490000000000001,0.0571,0.048,0.024700000000000003,0.0518,0.011899999999999999,0.0184,0.0281,0.0363
2007-06-01,-0.006999999999999999,-0.0194,0.0113,-0.0045000000000000005,-0.0292,0.022400000000000003,-0.0362,-0.038599999999999995,-0.0333,-0.0007000000000000001,0.0194,0.0363,-0.0217,-0.0482,-0.0219,-0.0368,-0.0104
2007-07-01,-0.03,0.0123,-0.0077,-0.0446,-0.0676,-0.0097,-0.039599999999999996,-0.0602,-0.046,-0.0068000000000000005,0.006,-0.0652,0.0121,-0.0373,-0.051399999999999994,-0.07440000000000001,-0.024700000000000003
2007-08-01,0.0323,-0.0337,0.0025,-0.027200000000000002,-0.0207,0.0253,0.0313,0.0048,-0.0235,0.021,0.0364,-0.0146,-0.015300000000000001,0.0184,0.0101,0.0161,0.0075
2007-09-01,0.0622,0.1313,0.0774,0.0155,-0.017,0.0557,0.029500000000000002,-0.0647,0.0758,0.0187,0.0388,0.0292,0.0403,0.0348,0.0068000000000000005,0.0189,0.0391
2007-10-01,0.0253,0.1188,0.0241,-0.0083,0.0021,0.038,0.019299999999999998,0.0074,0.0273,0.0199,0.029500000000000002,0.0213,0.009399999999999999,0.06559999999999999,0.0128,-0.0144,0.0331
2007-11-01,0.0103,-0.0786,-0.0458,-0.08070000000000001,-0.0696,-0.044000000000000004,0.021,-0.0909,-0.0662,-0.0397,-0.0613,-0.10640000000000001,-0.0364,-0.0070999999999999995,-0.0227,-0.0621,-0.0571
2007-12-01,-0.006500000000000001,0.028900000000000002,0.0759,-0.0719,-0.0385,0.045599999999999995,-0.0366,-0.0213,0.0219,-0.0361,0.0128,-0.013300000000000001,-0.0192,0.009000000000000001,-0.027999999999999997,-0.041299999999999996,-0.0026
2008-01-01,-0.0745,-0.053399999999999996,-0.0931,0.002,-0.0424,-0.0584,-0.0527,0.0436,-0.0984,-0.0692,-0.1379,-0.051,-0.018600000000000002,-0.0693,-0.011000000000000001,-0.011200000000000002,-0.069
2008-02-01,0.0187,0.09720000000000001,0.0687,-0.0426,-0.059699999999999996,0.048799999999999996,-0.0088,-0.0833,0.0815,-0.0177,-0.0048,-0.0647,-0.0361,-0.030299999999999997,-0.0436,-0.1081,-0.0377
2008-03-01,0.0271,-0.0672,-0.0273,0.028900000000000002,0.0007000000000000001,-0.0163,-0.0079,0.015,0.0023,0.0327,0.0046,-0.0253,-0.0067,0.008100000000000001,0.0265,-0.0393,0.0025
2008-04-01,0.0006,0.1273,0.10300000000000001,0.031200000000000002,-0.0058,0.0971,-0.0262,0.047,0.06480000000000001,0.0737,0.0704,0.1144,0.0762,0.0639,0.057699999999999994,0.055099999999999996,0.0256
2008-05-01,0.022799999999999997,0.1041,0.0361,0.0291,0.0173,0.031,0.0258,0.005,0.0925,0.050199999999999995,0.0642,-0.0034999999999999996,0.0219,0.0359,0.0075,-0.042300000000000004,0.0269
2008-06-01,-0.065,0.0753,0.0207,-0.1275,-0.1108,-0.039,-0.0461,-0.12390000000000001,-0.057999999999999996,-0.1066,-0.0901,-0.1818,-0.1313,-0.0040999999999999995,-0.0741,-0.1754,-0.0933
2008-07-01,0.035,-0.1724,-0.1531,-0.0441,0.08789999999999999,-0.0139,0.055,0.0121,-0.1168,-0.041100000000000005,-0.021099999999999997,-0.018000000000000002,0.04019999999999999,-0.071,0.0084,0.0721,0.009399999999999999
2008-08-01,0.0088,-0.060899999999999996,0.0025,0.09359999999999999,0.0415,-0.0338,0.0319,0.0888,-0.0678,0.0262,0.0242,0.0115,0.032,-0.0046,0.0473,0.0039000000000000003,0.0209
2008-09-01,-0.008,-0.3035,-0.1091,-0.0134,-0.055,-0.1953,-0.044199999999999996,-0.0781,-0.3098,-0.1437,-0.1696,-0.0964,-0.1151,-0.1184,-0.049800000000000004,-0.048799999999999996,-0.08710000000000001
2008-10-01,-0.13720000000000002,-0.32799999999999996,-0.1637,-0.22519999999999998,-0.2583,-0.2223,-0.0975,-0.1956,-0.32409999999999994,-0.23440000000000003,-0.209,-0.28600000000000003,-0.13570000000000002,-0.1112,-0.1458,-0.20190000000000002,-0.1745
2008-11-01,-0.0291,-0.0849,0.0103,-0.15380000000000002,-0.11220000000000001,-0.17329999999999998,-0.0393,-0.038,-0.12240000000000001,-0.0377,-0.10369999999999999,-0.0771,-0.10890000000000001,0.0126,-0.0748,-0.1424,-0.0863
2008-12-01,-0.0038,0.0897,-0.0241,0.0435,0.021,-0.023700000000000002,0.0426,0.0271,0.1666,0.0848,0.0177,0.023399999999999997,0.0296,-0.0204,0.0467,0.015300000000000001,0.0231
2009-01-01,-0.0326,-0.0605,-0.0362,-0.1291,-0.159,-0.056100000000000004,-0.0533,-0.1242,-0.1663,-0.10300000000000001,-0.0478,-0.10060000000000001,-0.1027,-0.0084,-0.08410000000000001,-0.20809999999999998,-0.064
2009-02-01,-0.0693,-0.0066,-0.1263,-0.1,-0.1795,-0.0821,-0.1024,-0.106,-0.1881,-0.08410000000000001,-0.0852,-0.0353,-0.1585,-0.1252,-0.0175,-0.1542,-0.08710000000000001
2009-03-01,0.054299999999999994,0.1191,0.039900000000000005,0.165,0.0987,0.16649999999999998,0.0667,0.1481,0.1213,0.0506,0.1285,0.11289999999999999,0.0719,0.0282,0.10339999999999999,0.1477,0.08439999999999999
2009-04-01,0.0317,0.0747,0.042800000000000005,0.23929999999999998,0.2962,0.1771,-0.005,0.1761,0.2589,0.1857,0.1583,0.31920000000000004,0.16210000000000002,0.0209,0.0819,0.17129999999999998,0.1094
2009-05-01,0.0652,0.2114,0.09949999999999999,0.0216,0.0154,0.08109999999999999,0.078,-0.057,0.09699999999999999,-0.0095,0.0207,-0.057800000000000004,0.052000000000000005,0.0464,-0.0036,0.1002,0.030299999999999997
2009-06-01,0.008199999999999999,-0.0892,-0.0461,-0.0351,0.015700000000000002,-0.0731,0.0209,-0.0007000000000000001,0.0335,0.026099999999999998,0.0322,0.0472,-0.013500000000000002,0.0464,-0.0097,-0.018000000000000002,0.0231
2009-07-01,0.0584,0.1285,0.050300000000000004,0.1363,0.16870000000000002,0.1699,0.0662,0.1426,0.037599999999999995,0.0516,0.121,0.165,0.0713,0.0441,0.0581,0.0866,0.0681
2009-08-01,0.0037,0.0298,0.0073,0.0327,0.0746,0.017,0.0138,0.0388,0.0364,0.0351,0.0226,-0.0054,0.061799999999999994,0.0025,0.041299999999999996,0.1,0.023799999999999998
2009-09-01,0.038599999999999995,0.11449999999999999,0.0479,0.1143,0.0668,0.07429999999999999,0.0345,-0.0167,0.0645,0.06570000000000001,0.063,-0.0074,0.0461,0.022400000000000003,0.025699999999999997,0.013600000000000001,0.0512
2009-10-01,-0.0044,0.0066,0.026000000000000002,-0.0296,-0.0279,-0.0421,-0.0046,-0.0673,-0.1211,-0.0275,-0.0316,-0.015,-0.0546,-0.0271,0.0149,-0.0495,-0.0338
2009-11-01,0.0462,0.1387,0.0297,0.0182,0.0453,0.1005,0.0757,0.049,0.0751,0.013000000000000001,0.04769999999999999,0.11460000000000001,0.10490000000000001,0.0458,0.0464,0.0467,0.0602
2009-12-01,0.014499999999999999,-0.0144,-0.0078000000000000005,0.050199999999999995,0.0463,0.0262,0.0096,0.061200000000000004,0.157,0.049699999999999994,0.0633,0.057300000000000004,0.0378,0.0587,0.0055000000000000005,0.0055000000000000005,0.0435
2010-01-01,-0.0206,-0.1295,-0.0479,-0.0363,-0.0348,-0.0434,-0.0046,-0.0288,-0.1249,-0.0276,-0.073,0.0039000000000000003,-0.0216,-0.044500000000000005,-0.0128,-0.006500000000000001,-0.0391
2010-02-01,0.0187,0.1241,0.0229,0.0718,0.09789999999999999,0.057800000000000004,0.0132,0.061399999999999996,0.044800000000000006,0.0742,0.0727,0.066,0.057999999999999996,-0.0042,0.036699999999999997,0.0291,0.0254
2010-03-01,0.0508,0.0733,0.0317,0.1125,0.055099999999999996,0.0747,0.0325,0.0525,0.1199,0.05,0.0776,0.0885,0.08990000000000001,0.031200000000000002,0.0649,0.08310000000000001,0.0616
2010-04-01,-0.013000000000000001,-0.0075,0.0433,0.0492,0.0688,0.025099999999999997,-0.019799999999999998,0.10869999999999999,-0.0294,0.0354,0.0482,0.06570000000000001,0.0292,0.0285,0.013000000000000001,0.0113,0.013999999999999999
2010-05-01,-0.047,-0.08,-0.10099999999999999,-0.06280000000000001,-0.0541,-0.10619999999999999,-0.06269999999999999,-0.0785,-0.0748,-0.0929,-0.0806,-0.0719,-0.0756,-0.063,-0.0579,-0.0909,-0.0803
2010-06-01,-0.0208,-0.07,-0.0613,-0.0977,-0.0875,-0.0808,-0.0008,-0.1402,-0.133,-0.0626,-0.059699999999999996,-0.081,-0.0723,-0.0070999999999999995,-0.0925,-0.0721,-0.0479
2010-07-01,0.06709999999999999,0.0964,0.0738,0.0815,0.0394,0.1531,0.0344,0.0478,0.08259999999999999,0.1066,0.0758,0.1611,0.0968,0.0681,0.0492,0.0653,0.0718
2010-08-01,-0.0105,-0.0042,-0.0335,-0.0735,-0.0382,-0.0042,-0.0043,-0.0453,-0.0876,-0.025,-0.0913,-0.085,-0.0668,0.0036,-0.034,-0.0849,-0.0418
2010-09-01,0.0317,0.1175,0.08990000000000001,0.17350000000000002,0.11560000000000001,0.09949999999999999,0.0705,0.1057,0.1216,0.1073,0.1421,0.1206,0.1012,0.0365,0.1247,0.0724,0.10400000000000001
2010-10-01,0.0408,0.0805,0.0455,0.0339,0.0154,0.0897,0.028900000000000002,-0.0103,0.0466,0.0832,0.0506,0.096,0.055,0.018600000000000002,0.0241,0.0169,0.0447
2010-11-01,0.0018,0.0593,0.051500000000000004,0.083,0.050499999999999996,0.0066,-0.0409,0.0204,0.029300000000000003,0.035699999999999996,0.0218,0.0745,0.0072,-0.013600000000000001,0.0506,-0.003,-0.011699999999999999
2010-12-01,0.0455,0.1411,0.09230000000000001,0.011399999999999999,0.066,0.0729,0.044500000000000005,0.133,0.13269999999999998,0.056900000000000006,0.060700000000000004,0.0757,0.0392,0.0323,0.0159,0.1056,0.0683
2011-01-01,-0.0229,-0.0487,0.0721,-0.0355,-0.0206,0.0171,-0.0191,0.0375,0.039,0.0265,0.0495,-0.009300000000000001,0.0259,0.0218,-0.0182,0.0254,0.022799999999999997
2011-02-01,0.0248,0.009399999999999999,0.0802,0.08380000000000001,0.0407,0.051399999999999994,0.0375,0.024,0.0394,0.0268,0.028300000000000002,-0.0305,0.018600000000000002,0.0242,0.0159,0.027200000000000002,0.042199999999999994
2011-03-01,0.0241,0.0278,0.0169,-0.0347,0.049699999999999994,0.0163,0.0194,0.017,0.0076,0.030899999999999997,-0.009899999999999999,0.023399999999999997,0.0294,0.0092,0.0091,-0.0158,0.0043
2011-04-01,0.0417,-0.0127,0.0177,0.0785,0.0541,0.051500000000000004,0.0652,-0.0023,0.0052,0.0177,0.0259,0.0227,0.0298,0.04,0.051100000000000007,0.0067,0.0308
2011-05-01,0.0232,-0.0576,-0.044800000000000006,0.0078000000000000005,0.0074,-0.0361,0.0317,-0.0305,-0.053,-0.0028000000000000004,-0.0291,-0.0265,-0.008,0.0132,0.015300000000000001,-0.026699999999999998,-0.010700000000000001
2011-06-01,0.0024,-0.030600000000000002,-0.0216,0.031,0.008,-0.0034999999999999996,-0.027200000000000002,-0.0239,-0.0194,-0.0084,-0.028399999999999998,-0.0091,0.0008,-0.0034000000000000002,-0.01,-0.023,-0.0147
2011-07-01,-0.017,0.003,0.005,0.0178,-0.0611,-0.0165,-0.0207,-0.0562,-0.0623,-0.0572,-0.0229,-0.08800000000000001,-0.0562,-0.0033,0.0067,-0.0391,-0.027999999999999997
2011-08-01,-0.0012,-0.0674,-0.0959,-0.058899999999999994,-0.07150000000000001,-0.0857,0.0037,-0.0712,-0.1321,-0.0621,-0.0781,-0.0928,-0.06860000000000001,0.002,-0.025699999999999997,-0.0934,-0.0602
2011-09-01,-0.0414,-0.2451,-0.1177,-0.0571,-0.1283,-0.1679,-0.0319,-0.09609999999999999,-0.20579999999999998,-0.1255,-0.0782,-0.1134,-0.073,-0.0161,-0.0319,-0.1125,-0.061799999999999994
2011-10-01,0.0361,0.2206,0.1605,0.1638,0.16579999999999998,0.1826,0.047599999999999996,0.1552,0.1815,0.182,0.1484,0.20679999999999998,0.1304,0.067,0.0875,0.13470000000000001,0.102
2011-11-01,0.0045000000000000005,-0.0009,0.023799999999999998,-0.0355,-0.0339,-0.0121,0.026099999999999998,0.0634,-0.0146,0.0368,-0.0118,-0.0771,0.0169,0.0101,0.0022,-0.0316,-0.006500000000000001
2011-12-01,0.0233,-0.0836,-0.0001,-0.021099999999999997,-0.0254,0.0028000000000000004,0.0387,0.030600000000000002,-0.0525,-0.0342,-0.015,-0.0070999999999999995,0.0089,0.0291,0.0048,0.0176,0.0054
2012-01-01,0.006500000000000001,0.1201,0.0104,0.0949,0.1015,0.1148,-0.011200000000000002,0.0751,0.1234,0.059699999999999996,0.1153,0.1266,0.057300000000000004,-0.0271,0.0325,0.0735,0.054400000000000004
2012-02-01,0.0073,-0.0437,0.0669,0.0632,0.1039,0.0191,0.0354,0.0564,-0.0269,0.0556,0.0663,0.049400000000000006,0.017,0.013000000000000001,0.0281,0.06509999999999999,0.0417
2012-03-01,0.037599999999999995,-0.07150000000000001,-0.030899999999999997,0.0176,0.0453,0.024900000000000002,0.0387,0.056600000000000004,0.006500000000000001,0.005699999999999999,0.0358,0.011899999999999999,0.0043,0.0148,0.0475,0.07,0.033
2012-04-01,0.0098,-0.0072,-0.015700000000000002,-0.0009,-0.04190000000000001,0.0033,0.0027,0.0215,-0.0426,-0.0049,-0.0274,-0.038900000000000004,0.0062,0.017,0.0104,-0.0235,-0.0045000000000000005
2012-05-01,-0.016200000000000003,-0.1461,-0.1035,-0.0548,-0.1114,-0.09539999999999998,-0.0276,-0.0647,-0.1457,-0.0547,-0.08560000000000001,-0.0757,-0.048,-0.0088,-0.015,-0.0919,-0.053200000000000004
2012-06-01,0.0415,0.0642,0.0582,-0.096,-0.0085,0.0327,0.0509,0.0622,0.0478,0.0048,0.0132,-0.059500000000000004,0.0349,0.0342,0.0216,0.04650000000000001,0.0512
2012-07-01,0.0073,-0.0408,0.0308,0.0184,0.0219,-0.0126,0.0305,-0.028900000000000002,-0.014499999999999999,0.0169,0.0132,-0.0028000000000000004,-0.008100000000000001,0.035,0.0165,-0.011000000000000001,0.0016
2012-08-01,-0.0024,0.0501,0.0239,0.08109999999999999,0.0622,0.0278,-0.0044,0.0889,-0.0123,0.011699999999999999,0.0529,0.0294,0.0048,-0.0346,0.025699999999999997,0.0418,0.025699999999999997
2012-09-01,0.011200000000000002,0.0863,0.0383,0.0002,0.0326,0.0106,0.027999999999999997,0.0559,0.037599999999999995,0.0426,-0.0017000000000000001,0.0239,-0.0108,0.021099999999999997,0.0169,0.0364,0.0429
2012-10-01,-0.018000000000000002,0.033,-0.0216,-0.0068000000000000005,0.0227,-0.026600000000000002,-0.005600000000000001,0.0325,-0.0077,-0.0073,-0.0588,0.06559999999999999,0.0216,0.0109,-0.024,0.0191,-0.0352
2012-11-01,0.0344,-0.0363,-0.0128,0.0393,0.019299999999999998,0.025699999999999997,0.0097,0.0504,0.0255,0.0278,0.0175,0.0351,0.0146,-0.0379,0.0067,-0.009399999999999999,0.014199999999999999
2012-12-01,-0.013500000000000002,0.0045000000000000005,0.0125,0.0012,0.005,0.043899999999999995,-0.0178,0.0072,0.0655,0.0163,0.0037,0.0581,0.027200000000000002,0.0012,-0.0151,0.044199999999999996,0.0158
2013-01-01,0.053399999999999996,0.0048,0.0766,0.0285,0.0851,0.049699999999999994,0.0799,0.083,0.0403,0.0528,0.0102,0.0302,0.0525,0.050499999999999996,0.0479,0.062400000000000004,0.0638
2013-02-01,0.0379,-0.0693,0.0077,0.0182,0.024399999999999998,-0.0073,0.020099999999999996,-0.0012,-0.027200000000000002,0.0297,0.0006,-0.0017000000000000001,0.0345,0.022000000000000002,0.0048,0.0118,0.0181
2013-03-01,0.06280000000000001,0.012199999999999999,0.022000000000000002,0.0334,0.059699999999999996,0.0109,0.045899999999999996,0.0317,0.0207,0.038599999999999995,0.0218,0.041299999999999996,0.0527,0.056900000000000006,0.053899999999999997,0.0452,0.042199999999999994
2013-04-01,0.0294,-0.09609999999999999,-0.0132,0.0823,0.006,0.032799999999999996,0.0325,0.0174,-0.043899999999999995,-0.018500000000000003,-0.0089,0.047599999999999996,0.0036,0.0513,0.031,0.016200000000000003,0.0177
2013-05-01,-0.029500000000000002,0.003,0.0305,0.0106,0.0269,0.0329,-0.0036,0.0602,0.0384,0.0611,0.053899999999999997,0.09029999999999999,0.0438,-0.07139999999999999,0.0116,0.0722,0.026699999999999998
2013-06-01,0.0066,-0.1093,-0.021099999999999997,0.0088,-0.0223,-0.0478,-0.0087,-0.0434,-0.0473,-0.023700000000000002,-0.035699999999999996,0.003,-0.0011,0.008199999999999999,0.0042,-0.0048,-0.011200000000000002
2013-07-01,0.03,0.0179,0.0509,0.0262,0.0391,0.0673,0.0635,0.0337,0.0704,0.0814,0.051100000000000007,0.0837,0.057,0.0458,0.058600000000000006,0.0652,0.058899999999999994
2013-08-01,-0.0391,0.0378,-0.0197,-0.0206,-0.0254,-0.004,-0.0409,-0.0405,-0.0285,-0.0144,-0.026000000000000002,-0.011200000000000002,-0.0253,-0.0443,-0.0466,-0.0426,-0.011899999999999999
2013-09-01,0.005699999999999999,0.0191,0.0204,0.0741,0.0622,0.050199999999999995,0.0294,0.0546,0.08349999999999999,0.0565,0.0473,0.0599,0.0687,0.0105,0.044199999999999996,0.0301,0.0433
2013-10-01,0.047400000000000005,0.0593,0.0481,0.027000000000000003,0.0593,0.033,0.0506,0.0375,0.0824,0.0483,0.027200000000000002,0.0053,0.0519,0.0334,0.0559,0.0321,0.0444
2013-11-01,0.0161,-0.0463,0.0091,0.0653,0.0394,0.0144,0.0365,0.0149,0.017,0.0287,0.0223,0.0181,0.0512,-0.0181,0.0414,0.0605,0.0292
2013-12-01,0.023,0.068,0.030299999999999997,0.0127,0.028900000000000002,0.0554,0.0033,0.0379,0.06559999999999999,0.0398,0.0466,0.0141,0.0291,0.0179,-0.0072,0.026699999999999998,0.0335
2014-01-01,-0.0412,-0.0706,-0.0682,-0.0712,-0.0861,-0.0406,-0.025699999999999997,-0.0394,-0.055099999999999996,-0.058600000000000006,-0.0137,-0.0325,-0.0202,0.024900000000000002,-0.0748,-0.0425,-0.0229
2014-02-01,0.0331,0.0548,0.0575,0.049,0.0377,0.0764,0.058899999999999994,0.0693,0.0256,0.0557,0.045899999999999996,0.0889,0.0356,0.030899999999999997,0.0508,0.032400000000000005,0.047
2014-03-01,0.0298,-0.0068000000000000005,0.0256,-0.0013,0.008,0.0111,0.0014000000000000002,-0.0274,0.0363,-0.0025,0.0175,-0.0137,0.010700000000000001,0.0268,-0.0055000000000000005,0.0254,-0.0123
2014-04-01,0.0131,0.037000000000000005,0.056100000000000004,-0.0321,-0.013000000000000001,-0.0003,0.023,-0.0225,0.0073,0.0231,-0.0063,0.0070999999999999995,0.0109,0.0398,-0.0092,-0.035699999999999996,-0.0062
2014-05-01,0.0375,-0.027000000000000003,0.0115,0.0199,-0.0059,0.0252,0.01,0.013000000000000001,-0.0175,-0.0022,0.022799999999999997,0.0043,0.0388,0.0001,0.0040999999999999995,0.0166,0.0316
2014-06-01,0.019799999999999998,0.0559,0.0416,0.0072,0.019299999999999998,0.0052,0.0124,0.0207,0.048799999999999996,0.0291,0.040999999999999995,0.041100000000000005,-0.0002,0.054299999999999994,0.0101,0.0308,0.0208
2014-07-01,-0.0548,-0.0058,-0.0345,-0.013500000000000002,-0.0546,-0.0316,-0.0213,-0.0464,0.0241,-0.0745,-0.0279,-0.0441,-0.030899999999999997,-0.064,-0.018799999999999997,-0.0208,0.0008
2014-08-01,0.061799999999999994,0.0168,0.024300000000000002,0.042699999999999995,0.0472,0.0431,0.0473,0.09880000000000001,0.061200000000000004,0.0253,0.0461,0.0478,0.0493,0.053099999999999994,0.0405,0.0385,0.038900000000000004
2014-09-01,-0.0037,-0.1082,-0.07690000000000001,0.032,-0.044500000000000005,-0.0219,0.0159,-0.0344,-0.0475,-0.045899999999999996,-0.0316,-0.0916,0.0014000000000000002,-0.0338,-0.0084,-0.0055000000000000005,-0.018000000000000002
2014-10-01,0.026099999999999998,-0.0849,-0.0426,0.0154,0.0533,-0.018600000000000002,0.0434,0.050499999999999996,0.0222,0.0575,0.013300000000000001,0.0421,0.0429,0.06709999999999999,0.014199999999999999,0.0379,0.0302
2014-11-01,0.051100000000000007,-0.0060999999999999995,-0.0969,0.0875,0.034300000000000004,0.0141,0.0347,0.0392,-0.0233,0.0042,0.0349,0.0482,0.053899999999999997,0.0026,0.09269999999999999,0.018000000000000002,0.03
2014-12-01,-0.0288,-0.0787,0.0077,-0.0063,0.0026,-0.0013,-0.0141,0.0403,-0.0666,0.011899999999999999,0.0021,0.013600000000000001,0.0066,0.018600000000000002,0.009000000000000001,0.021400000000000002,-0.0125
2015-01-01,-0.0077,-0.0688,-0.040999999999999995,-0.0322,-0.0077,-0.0226,-0.0008,-0.021099999999999997,-0.09480000000000001,-0.0637,-0.0621,-0.0593,-0.0236,0.0124,0.0018,-0.0776,-0.0215
2015-02-01,0.044000000000000004,0.1448,0.0479,0.06860000000000001,0.04769999999999999,0.08470000000000001,0.042800000000000005,0.0855,0.0356,0.0983,0.0716,0.0776,0.044199999999999996,-0.0436,0.0533,0.0799,0.0733
2015-03-01,-0.009399999999999999,-0.07690000000000001,-0.0236,0.0148,-0.012199999999999999,-0.0358,-0.013300000000000001,0.0011,-0.0288,0.006999999999999999,-0.031,0.0002,-0.0212,-0.0031,0.0070999999999999995,0.002,-0.0137
2015-04-01,-0.0048,0.12119999999999999,0.06480000000000001,-0.0223,-0.0021,0.0179,0.0004,-0.0472,0.0408,0.004699999999999999,0.0021,-0.0038,-0.0253,0.0028000000000000004,-0.0175,0.0074,0.0118
2015-05-01,0.016200000000000003,-0.0596,-0.050300000000000004,0.0034999999999999996,0.0066,0.0068000000000000005,0.031,0.0294,-0.0373,0.0007000000000000001,0.0332,0.0089,-0.011699999999999999,-0.0043,0.0067,0.0313,0.0152
2015-06-01,-0.0187,-0.0754,-0.0371,0.0401,-0.0091,-0.030899999999999997,-0.015300000000000001,-0.0038,-0.055,-0.016399999999999998,-0.047,-0.0116,-0.029900000000000003,-0.0527,-0.0022,0.0148,-0.013999999999999999
2015-07-01,0.041100000000000005,-0.1387,-0.0883,0.049,-0.0006,-0.054299999999999994,0.0418,0.0265,-0.0825,-0.0366,-0.014199999999999999,-0.0098,0.018000000000000002,0.0265,0.0652,0.0194,0.0239
2015-08-01,-0.036699999999999997,-0.0105,-0.0383,-0.036699999999999997,-0.0639,-0.06709999999999999,-0.0713,-0.0246,-0.044000000000000004,-0.020499999999999997,-0.057699999999999994,-0.0496,-0.056799999999999996,-0.0408,-0.0629,-0.0653,-0.0665
2015-09-01,-0.0003,-0.08199999999999999,-0.0582,-0.0051,-0.0668,-0.08130000000000001,-0.0276,-0.0379,-0.1067,-0.0758,-0.0331,-0.011399999999999999,-0.013000000000000001,-0.005,-0.0182,-0.0318,-0.032799999999999996
2015-10-01,0.0637,0.0731,0.12300000000000001,0.016,0.0759,0.1607,0.0827,0.07730000000000001,0.0588,0.0877,0.0872,0.061900000000000004,0.0738,0.0209,0.042699999999999995,0.057699999999999994,0.0931
2015-11-01,0.0063,-0.0499,0.009300000000000001,-0.015600000000000001,-0.0005,0.015700000000000002,-0.0068000000000000005,0.0579,-0.0129,0.0055000000000000005,0.0118,0.0027,-0.0074,-0.0342,0.0033,0.0217,0.0049
2015-12-01,0.0139,-0.0625,-0.09789999999999999,-0.0401,-0.034,-0.0454,0.018500000000000003,-0.0296,-0.0222,-0.0235,-0.023399999999999997,-0.0377,-0.0362,-0.0239,0.009300000000000001,-0.0286,-0.0225
2016-01-01,-0.013000000000000001,-0.053,-0.044800000000000006,0.008100000000000001,-0.0616,-0.12619999999999998,-0.0443,-0.0634,-0.0968,-0.0359,-0.0729,-0.09630000000000001,-0.08650000000000001,0.0467,-0.037200000000000004,-0.0973,-0.056900000000000006
2016-02-01,0.0042,0.1217,-0.028300000000000002,0.0123,0.0582,0.0745,-0.0087,-0.004,0.0738,0.0317,0.0274,0.0298,0.053399999999999996,0.0172,-0.0034999999999999996,-0.0301,-0.0019
2016-03-01,0.05,0.1381,0.107,0.026600000000000002,0.09119999999999999,0.07429999999999999,0.029900000000000003,0.1069,0.1775,0.0716,0.0818,0.0986,0.056299999999999996,0.0784,0.051500000000000004,0.066,0.0762
2016-04-01,0.0019,0.159,0.0919,-0.0177,-0.0089,0.045599999999999995,0.0301,0.0018,0.0986,0.0151,-0.0103,0.0054,0.0151,-0.008,-0.0072,0.0417,-0.015600000000000001
2016-05-01,0.0123,-0.044199999999999996,-0.0073,-0.043899999999999995,0.0141,-0.015,0.0189,0.0189,-0.085,0.0105,0.0392,-0.0124,-0.0172,0.022400000000000003,0.0085,0.022000000000000002,0.027000000000000003
2016-06-01,0.0518,0.0787,0.0264,0.0101,-0.0014000000000000002,-0.009899999999999999,0.0318,-0.0177,0.0258,-0.0174,-0.0046,-0.04190000000000001,-0.0087,0.07429999999999999,0.0111,-0.0533,-0.0052
2016-07-01,-0.001,0.0748,-0.0273,0.025699999999999997,0.0729,0.050300000000000004,0.0338,0.0564,0.1373,0.0394,0.073,0.07400000000000001,0.0483,-0.0025,0.0326,0.0406,0.0518
2016-08-01,-0.0055000000000000005,-0.0925,0.0163,0.010700000000000001,0.015700000000000002,0.0329,-0.029900000000000003,-0.0207,-0.0768,0.0256,0.0229,-0.0125,0.0034999999999999996,-0.0378,-0.0085,0.0492,0.0024
2016-09-01,-0.0194,0.0242,0.028300000000000002,-0.06570000000000001,-0.0454,-0.0159,-0.0111,-0.0368,0.024700000000000003,0.02,0.031200000000000002,-0.0042,0.0127,0.0183,0.0037,-0.0149,0.0086
2016-10-01,-0.0079,-0.0012,-0.030899999999999997,-0.0552,-0.0441,-0.0038,-0.037000000000000005,-0.057999999999999996,-0.029300000000000003,-0.0301,-0.0332,-0.0345,0.0049,-0.0066,-0.030899999999999997,0.0154,-0.025
2016-11-01,-0.0444,0.1275,0.0955,0.019,0.0795,0.0791,-0.005600000000000001,0.0755,0.21660000000000001,0.0706,0.0592,0.06280000000000001,0.11220000000000001,-0.0265,0.0279,0.1332,0.0269
